Model,Avg_TSS,Months_Count
EC-Earth3-CC,0.872317427859313,12
KIOST-ESM,0.8632074818301908,12
CMCC-CM2-HR4,0.8546803083271541,12
MPI-ESM-1-2-HAM,0.8495826251824815,12
FGOALS-f3-L,0.8382453759493652,12
CESM2-WACCM,0.8365761491475815,12
