Model,Avg_TSS,Months_Count
ERA5,1.0,12
BMME,0.8837045398669076,12
EC-Earth3-CC,0.872317427859313,12
AMME,0.8647059337368184,12
KIOST-ESM,0.8632074818301908,12
CMCC-CM2-HR4,0.8546803083271541,12
